{
  "__type__": "cc.SpriteFrame",
  "content": {
    "name": "12_Potion1",
    "atlas": "",
    "rect": {
      "x": 4,
      "y": 4,
      "width": 191,
      "height": 258
    },
    "offset": {
      "x": -2,
      "y": -2
    },
    "originalSize": {
      "width": 203,
      "height": 262
    },
    "rotated": false,
    "capInsets": [
      0,
      0,
      0,
      0
    ],
    "vertices": {
      "rawPosition": [
        -95.5,
        -129,
        0,
        95.5,
        -129,
        0,
        -95.5,
        129,
        0,
        95.5,
        129,
        0
      ],
      "indexes": [
        0,
        1,
        2,
        2,
        1,
        3
      ],
      "uv": [
        4,
        258,
        195,
        258,
        4,
        0,
        195,
        0
      ],
      "nuv": [
        0.019704433497536946,
        0,
        0.9605911330049262,
        0,
        0.019704433497536946,
        0.9847328244274809,
        0.9605911330049262,
        0.9847328244274809
      ],
      "minPos": {
        "x": -95.5,
        "y": -129,
        "z": 0
      },
      "maxPos": {
        "x": 95.5,
        "y": 129,
        "z": 0
      }
    },
    "texture": "358dd70c-166d-4e60-bb28-1528f652b17c@6c48a",
    "packable": true,
    "pixelsToUnit": 100,
    "pivot": {
      "x": 0.5,
      "y": 0.5
    },
    "meshType": 0
  }
}