{
  "__type__": "cc.SpriteFrame",
  "content": {
    "name": "14_Potion1",
    "atlas": "",
    "rect": {
      "x": 6,
      "y": 2,
      "width": 191,
      "height": 259
    },
    "offset": {
      "x": 0,
      "y": -0.5
    },
    "originalSize": {
      "width": 203,
      "height": 262
    },
    "rotated": false,
    "capInsets": [
      0,
      0,
      0,
      0
    ],
    "vertices": {
      "rawPosition": [
        -95.5,
        -129.5,
        0,
        95.5,
        -129.5,
        0,
        -95.5,
        129.5,
        0,
        95.5,
        129.5,
        0
      ],
      "indexes": [
        0,
        1,
        2,
        2,
        1,
        3
      ],
      "uv": [
        6,
        260,
        197,
        260,
        6,
        1,
        197,
        1
      ],
      "nuv": [
        0.029556650246305417,
        0.003816793893129771,
        0.9704433497536946,
        0.003816793893129771,
        0.029556650246305417,
        0.9923664122137404,
        0.9704433497536946,
        0.9923664122137404
      ],
      "minPos": {
        "x": -95.5,
        "y": -129.5,
        "z": 0
      },
      "maxPos": {
        "x": 95.5,
        "y": 129.5,
        "z": 0
      }
    },
    "texture": "46b00184-8f6c-4aa5-b6c5-1b0ec90663da@6c48a",
    "packable": true,
    "pixelsToUnit": 100,
    "pivot": {
      "x": 0.5,
      "y": 0.5
    },
    "meshType": 0
  }
}