{
  "__type__": "cc.SpriteFrame",
  "content": {
    "name": "06_Potion1",
    "atlas": "",
    "rect": {
      "x": 5,
      "y": 1,
      "width": 191,
      "height": 260
    },
    "offset": {
      "x": -1,
      "y": 0
    },
    "originalSize": {
      "width": 203,
      "height": 262
    },
    "rotated": false,
    "capInsets": [
      0,
      0,
      0,
      0
    ],
    "vertices": {
      "rawPosition": [
        -95.5,
        -130,
        0,
        95.5,
        -130,
        0,
        -95.5,
        130,
        0,
        95.5,
        130,
        0
      ],
      "indexes": [
        0,
        1,
        2,
        2,
        1,
        3
      ],
      "uv": [
        5,
        261,
        196,
        261,
        5,
        1,
        196,
        1
      ],
      "nuv": [
        0.024630541871921183,
        0.003816793893129771,
        0.9655172413793104,
        0.003816793893129771,
        0.024630541871921183,
        0.9961832061068703,
        0.9655172413793104,
        0.9961832061068703
      ],
      "minPos": {
        "x": -95.5,
        "y": -130,
        "z": 0
      },
      "maxPos": {
        "x": 95.5,
        "y": 130,
        "z": 0
      }
    },
    "texture": "56a36711-9d25-42fa-9b15-4f7a8982e146@6c48a",
    "packable": true,
    "pixelsToUnit": 100,
    "pivot": {
      "x": 0.5,
      "y": 0.5
    },
    "meshType": 0
  }
}