{
  "__type__": "cc.SpriteFrame",
  "content": {
    "name": "24_Potion1",
    "atlas": "",
    "rect": {
      "x": 10,
      "y": 3,
      "width": 193,
      "height": 259
    },
    "offset": {
      "x": 5,
      "y": -1.5
    },
    "originalSize": {
      "width": 203,
      "height": 262
    },
    "rotated": false,
    "capInsets": [
      0,
      0,
      0,
      0
    ],
    "vertices": {
      "rawPosition": [
        -96.5,
        -129.5,
        0,
        96.5,
        -129.5,
        0,
        -96.5,
        129.5,
        0,
        96.5,
        129.5,
        0
      ],
      "indexes": [
        0,
        1,
        2,
        2,
        1,
        3
      ],
      "uv": [
        10,
        259,
        203,
        259,
        10,
        0,
        203,
        0
      ],
      "nuv": [
        0.04926108374384237,
        0,
        1,
        0,
        0.04926108374384237,
        0.9885496183206107,
        1,
        0.9885496183206107
      ],
      "minPos": {
        "x": -96.5,
        "y": -129.5,
        "z": 0
      },
      "maxPos": {
        "x": 96.5,
        "y": 129.5,
        "z": 0
      }
    },
    "texture": "e1705150-ea12-4b86-ba34-821f2a2f9ba7@6c48a",
    "packable": true,
    "pixelsToUnit": 100,
    "pivot": {
      "x": 0.5,
      "y": 0.5
    },
    "meshType": 0
  }
}