{
  "__type__": "cc.SpriteFrame",
  "content": {
    "name": "sprite-256px-36 (3)",
    "atlas": "",
    "rect": {
      "x": 0,
      "y": 9,
      "width": 1437,
      "height": 1651
    },
    "offset": {
      "x": -1.5,
      "y": -3.5
    },
    "originalSize": {
      "width": 1440,
      "height": 1662
    },
    "rotated": false,
    "capInsets": [
      0,
      0,
      0,
      0
    ],
    "vertices": {
      "rawPosition": [
        -718.5,
        -825.5,
        0,
        718.5,
        -825.5,
        0,
        -718.5,
        825.5,
        0,
        718.5,
        825.5,
        0
      ],
      "indexes": [
        0,
        1,
        2,
        2,
        1,
        3
      ],
      "uv": [
        0,
        1653,
        1437,
        1653,
        0,
        2,
        1437,
        2
      ],
      "nuv": [
        0,
        0.0012033694344163659,
        0.9979166666666667,
        0.0012033694344163659,
        0,
        0.9945848375451264,
        0.9979166666666667,
        0.9945848375451264
      ],
      "minPos": {
        "x": -718.5,
        "y": -825.5,
        "z": 0
      },
      "maxPos": {
        "x": 718.5,
        "y": 825.5,
        "z": 0
      }
    },
    "texture": "a721f7d1-1060-45e9-a7b3-5c525ad1af38@6c48a",
    "packable": true,
    "pixelsToUnit": 100,
    "pivot": {
      "x": 0.5,
      "y": 0.5
    },
    "meshType": 0
  }
}