{
  "__type__": "cc.SpriteFrame",
  "content": {
    "name": "28_Potion1",
    "atlas": "",
    "rect": {
      "x": 6,
      "y": 1,
      "width": 191,
      "height": 260
    },
    "offset": {
      "x": 0,
      "y": 0
    },
    "originalSize": {
      "width": 203,
      "height": 262
    },
    "rotated": false,
    "capInsets": [
      0,
      0,
      0,
      0
    ],
    "vertices": {
      "rawPosition": [
        -95.5,
        -130,
        0,
        95.5,
        -130,
        0,
        -95.5,
        130,
        0,
        95.5,
        130,
        0
      ],
      "indexes": [
        0,
        1,
        2,
        2,
        1,
        3
      ],
      "uv": [
        6,
        261,
        197,
        261,
        6,
        1,
        197,
        1
      ],
      "nuv": [
        0.029556650246305417,
        0.003816793893129771,
        0.9704433497536946,
        0.003816793893129771,
        0.029556650246305417,
        0.9961832061068703,
        0.9704433497536946,
        0.9961832061068703
      ],
      "minPos": {
        "x": -95.5,
        "y": -130,
        "z": 0
      },
      "maxPos": {
        "x": 95.5,
        "y": 130,
        "z": 0
      }
    },
    "texture": "405e6d57-eadb-4700-ad41-84c7623de28d@6c48a",
    "packable": true,
    "pixelsToUnit": 100,
    "pivot": {
      "x": 0.5,
      "y": 0.5
    },
    "meshType": 0
  }
}