{
  "__type__": "cc.SpriteFrame",
  "content": {
    "name": "02_Potion1",
    "atlas": "",
    "rect": {
      "x": 6,
      "y": 1,
      "width": 190,
      "height": 260
    },
    "offset": {
      "x": -0.5,
      "y": 0
    },
    "originalSize": {
      "width": 203,
      "height": 262
    },
    "rotated": false,
    "capInsets": [
      0,
      0,
      0,
      0
    ],
    "vertices": {
      "rawPosition": [
        -95,
        -130,
        0,
        95,
        -130,
        0,
        -95,
        130,
        0,
        95,
        130,
        0
      ],
      "indexes": [
        0,
        1,
        2,
        2,
        1,
        3
      ],
      "uv": [
        6,
        261,
        196,
        261,
        6,
        1,
        196,
        1
      ],
      "nuv": [
        0.029556650246305417,
        0.003816793893129771,
        0.9655172413793104,
        0.003816793893129771,
        0.029556650246305417,
        0.9961832061068703,
        0.9655172413793104,
        0.9961832061068703
      ],
      "minPos": {
        "x": -95,
        "y": -130,
        "z": 0
      },
      "maxPos": {
        "x": 95,
        "y": 130,
        "z": 0
      }
    },
    "texture": "4350f38e-e0e4-44c8-8b1d-2d5ffeb08159@6c48a",
    "packable": true,
    "pixelsToUnit": 100,
    "pivot": {
      "x": 0.5,
      "y": 0.5
    },
    "meshType": 0
  }
}