{
  "__type__": "cc.SpriteFrame",
  "content": {
    "name": "31_Potion2",
    "atlas": "",
    "rect": {
      "x": 10,
      "y": 9,
      "width": 225,
      "height": 265
    },
    "offset": {
      "x": 2.5,
      "y": -3
    },
    "originalSize": {
      "width": 240,
      "height": 277
    },
    "rotated": false,
    "capInsets": [
      0,
      0,
      0,
      0
    ],
    "vertices": {
      "rawPosition": [
        -112.5,
        -132.5,
        0,
        112.5,
        -132.5,
        0,
        -112.5,
        132.5,
        0,
        112.5,
        132.5,
        0
      ],
      "indexes": [
        0,
        1,
        2,
        2,
        1,
        3
      ],
      "uv": [
        10,
        268,
        235,
        268,
        10,
        3,
        235,
        3
      ],
      "nuv": [
        0.041666666666666664,
        0.010830324909747292,
        0.9791666666666666,
        0.010830324909747292,
        0.041666666666666664,
        0.9675090252707581,
        0.9791666666666666,
        0.9675090252707581
      ],
      "minPos": {
        "x": -112.5,
        "y": -132.5,
        "z": 0
      },
      "maxPos": {
        "x": 112.5,
        "y": 132.5,
        "z": 0
      }
    },
    "texture": "b08f7ea3-c2f5-4daa-ae06-c673327a1cb0@6c48a",
    "packable": true,
    "pixelsToUnit": 100,
    "pivot": {
      "x": 0.5,
      "y": 0.5
    },
    "meshType": 0
  }
}