{
  "__type__": "cc.SpriteFrame",
  "content": {
    "name": "27_Potion1",
    "atlas": "",
    "rect": {
      "x": 7,
      "y": 1,
      "width": 191,
      "height": 260
    },
    "offset": {
      "x": 1,
      "y": 0
    },
    "originalSize": {
      "width": 203,
      "height": 262
    },
    "rotated": false,
    "capInsets": [
      0,
      0,
      0,
      0
    ],
    "vertices": {
      "rawPosition": [
        -95.5,
        -130,
        0,
        95.5,
        -130,
        0,
        -95.5,
        130,
        0,
        95.5,
        130,
        0
      ],
      "indexes": [
        0,
        1,
        2,
        2,
        1,
        3
      ],
      "uv": [
        7,
        261,
        198,
        261,
        7,
        1,
        198,
        1
      ],
      "nuv": [
        0.034482758620689655,
        0.003816793893129771,
        0.9753694581280788,
        0.003816793893129771,
        0.034482758620689655,
        0.9961832061068703,
        0.9753694581280788,
        0.9961832061068703
      ],
      "minPos": {
        "x": -95.5,
        "y": -130,
        "z": 0
      },
      "maxPos": {
        "x": 95.5,
        "y": 130,
        "z": 0
      }
    },
    "texture": "f52109e6-8337-4f63-8b73-455222d93e3f@6c48a",
    "packable": true,
    "pixelsToUnit": 100,
    "pivot": {
      "x": 0.5,
      "y": 0.5
    },
    "meshType": 0
  }
}