{
  "__type__": "cc.SpriteFrame",
  "content": {
    "name": "08_Potion1",
    "atlas": "",
    "rect": {
      "x": 5,
      "y": 2,
      "width": 190,
      "height": 260
    },
    "offset": {
      "x": -1.5,
      "y": -1
    },
    "originalSize": {
      "width": 203,
      "height": 262
    },
    "rotated": false,
    "capInsets": [
      0,
      0,
      0,
      0
    ],
    "vertices": {
      "rawPosition": [
        -95,
        -130,
        0,
        95,
        -130,
        0,
        -95,
        130,
        0,
        95,
        130,
        0
      ],
      "indexes": [
        0,
        1,
        2,
        2,
        1,
        3
      ],
      "uv": [
        5,
        260,
        195,
        260,
        5,
        0,
        195,
        0
      ],
      "nuv": [
        0.024630541871921183,
        0,
        0.9605911330049262,
        0,
        0.024630541871921183,
        0.9923664122137404,
        0.9605911330049262,
        0.9923664122137404
      ],
      "minPos": {
        "x": -95,
        "y": -130,
        "z": 0
      },
      "maxPos": {
        "x": 95,
        "y": 130,
        "z": 0
      }
    },
    "texture": "196ded80-a332-40ee-98db-43ad374c29e5@6c48a",
    "packable": true,
    "pixelsToUnit": 100,
    "pivot": {
      "x": 0.5,
      "y": 0.5
    },
    "meshType": 0
  }
}