{
  "__type__": "cc.SpriteFrame",
  "content": {
    "name": "05_Potion2",
    "atlas": "",
    "rect": {
      "x": 10,
      "y": 9,
      "width": 226,
      "height": 266
    },
    "offset": {
      "x": 3,
      "y": -3.5
    },
    "originalSize": {
      "width": 240,
      "height": 277
    },
    "rotated": false,
    "capInsets": [
      0,
      0,
      0,
      0
    ],
    "vertices": {
      "rawPosition": [
        -113,
        -133,
        0,
        113,
        -133,
        0,
        -113,
        133,
        0,
        113,
        133,
        0
      ],
      "indexes": [
        0,
        1,
        2,
        2,
        1,
        3
      ],
      "uv": [
        10,
        268,
        236,
        268,
        10,
        2,
        236,
        2
      ],
      "nuv": [
        0.041666666666666664,
        0.007220216606498195,
        0.9833333333333333,
        0.007220216606498195,
        0.041666666666666664,
        0.9675090252707581,
        0.9833333333333333,
        0.9675090252707581
      ],
      "minPos": {
        "x": -113,
        "y": -133,
        "z": 0
      },
      "maxPos": {
        "x": 113,
        "y": 133,
        "z": 0
      }
    },
    "texture": "19f0767d-5ee8-4788-be9d-0e09d7b57b1e@6c48a",
    "packable": true,
    "pixelsToUnit": 100,
    "pivot": {
      "x": 0.5,
      "y": 0.5
    },
    "meshType": 0
  }
}