{
  "__type__": "cc.SpriteFrame",
  "content": {
    "name": "19_Potion2",
    "atlas": "",
    "rect": {
      "x": 2,
      "y": 9,
      "width": 228,
      "height": 266
    },
    "offset": {
      "x": -4,
      "y": -3.5
    },
    "originalSize": {
      "width": 240,
      "height": 277
    },
    "rotated": false,
    "capInsets": [
      0,
      0,
      0,
      0
    ],
    "vertices": {
      "rawPosition": [
        -114,
        -133,
        0,
        114,
        -133,
        0,
        -114,
        133,
        0,
        114,
        133,
        0
      ],
      "indexes": [
        0,
        1,
        2,
        2,
        1,
        3
      ],
      "uv": [
        2,
        268,
        230,
        268,
        2,
        2,
        230,
        2
      ],
      "nuv": [
        0.008333333333333333,
        0.007220216606498195,
        0.9583333333333334,
        0.007220216606498195,
        0.008333333333333333,
        0.9675090252707581,
        0.9583333333333334,
        0.9675090252707581
      ],
      "minPos": {
        "x": -114,
        "y": -133,
        "z": 0
      },
      "maxPos": {
        "x": 114,
        "y": 133,
        "z": 0
      }
    },
    "texture": "d2acd12e-64b0-4724-af22-459cfe7d3204@6c48a",
    "packable": true,
    "pixelsToUnit": 100,
    "pivot": {
      "x": 0.5,
      "y": 0.5
    },
    "meshType": 0
  }
}