{
  "__type__": "cc.SpriteFrame",
  "content": {
    "name": "23_Potion2",
    "atlas": "",
    "rect": {
      "x": 11,
      "y": 9,
      "width": 220,
      "height": 262
    },
    "offset": {
      "x": 1,
      "y": -1.5
    },
    "originalSize": {
      "width": 240,
      "height": 277
    },
    "rotated": false,
    "capInsets": [
      0,
      0,
      0,
      0
    ],
    "vertices": {
      "rawPosition": [
        -110,
        -131,
        0,
        110,
        -131,
        0,
        -110,
        131,
        0,
        110,
        131,
        0
      ],
      "indexes": [
        0,
        1,
        2,
        2,
        1,
        3
      ],
      "uv": [
        11,
        268,
        231,
        268,
        11,
        6,
        231,
        6
      ],
      "nuv": [
        0.04583333333333333,
        0.021660649819494584,
        0.9625,
        0.021660649819494584,
        0.04583333333333333,
        0.9675090252707581,
        0.9625,
        0.9675090252707581
      ],
      "minPos": {
        "x": -110,
        "y": -131,
        "z": 0
      },
      "maxPos": {
        "x": 110,
        "y": 131,
        "z": 0
      }
    },
    "texture": "ab3feba7-597a-4314-93a2-1486d3e4a5aa@6c48a",
    "packable": true,
    "pixelsToUnit": 100,
    "pivot": {
      "x": 0.5,
      "y": 0.5
    },
    "meshType": 0
  }
}