{
  "__type__": "cc.SpriteFrame",
  "content": {
    "name": "10_Potion2",
    "atlas": "",
    "rect": {
      "x": 11,
      "y": 9,
      "width": 220,
      "height": 261
    },
    "offset": {
      "x": 1,
      "y": -1
    },
    "originalSize": {
      "width": 240,
      "height": 277
    },
    "rotated": false,
    "capInsets": [
      0,
      0,
      0,
      0
    ],
    "vertices": {
      "rawPosition": [
        -110,
        -130.5,
        0,
        110,
        -130.5,
        0,
        -110,
        130.5,
        0,
        110,
        130.5,
        0
      ],
      "indexes": [
        0,
        1,
        2,
        2,
        1,
        3
      ],
      "uv": [
        11,
        268,
        231,
        268,
        11,
        7,
        231,
        7
      ],
      "nuv": [
        0.04583333333333333,
        0.02527075812274368,
        0.9625,
        0.02527075812274368,
        0.04583333333333333,
        0.9675090252707581,
        0.9625,
        0.9675090252707581
      ],
      "minPos": {
        "x": -110,
        "y": -130.5,
        "z": 0
      },
      "maxPos": {
        "x": 110,
        "y": 130.5,
        "z": 0
      }
    },
    "texture": "4d2938b3-26ed-4d34-ad93-d6d15d109db3@6c48a",
    "packable": true,
    "pixelsToUnit": 100,
    "pivot": {
      "x": 0.5,
      "y": 0.5
    },
    "meshType": 0
  }
}