{
  "__type__": "cc.SpriteFrame",
  "content": {
    "name": "19_Potion1",
    "atlas": "",
    "rect": {
      "x": 11,
      "y": 5,
      "width": 192,
      "height": 257
    },
    "offset": {
      "x": 5.5,
      "y": -2.5
    },
    "originalSize": {
      "width": 203,
      "height": 262
    },
    "rotated": false,
    "capInsets": [
      0,
      0,
      0,
      0
    ],
    "vertices": {
      "rawPosition": [
        -96,
        -128.5,
        0,
        96,
        -128.5,
        0,
        -96,
        128.5,
        0,
        96,
        128.5,
        0
      ],
      "indexes": [
        0,
        1,
        2,
        2,
        1,
        3
      ],
      "uv": [
        11,
        257,
        203,
        257,
        11,
        0,
        203,
        0
      ],
      "nuv": [
        0.054187192118226604,
        0,
        1,
        0,
        0.054187192118226604,
        0.9809160305343512,
        1,
        0.9809160305343512
      ],
      "minPos": {
        "x": -96,
        "y": -128.5,
        "z": 0
      },
      "maxPos": {
        "x": 96,
        "y": 128.5,
        "z": 0
      }
    },
    "texture": "4dd5ac2c-42ab-429f-bc56-0e062c78783c@6c48a",
    "packable": true,
    "pixelsToUnit": 100,
    "pivot": {
      "x": 0.5,
      "y": 0.5
    },
    "meshType": 0
  }
}