{
  "__type__": "cc.SpriteFrame",
  "content": {
    "name": "sprite-256px-36 (1)",
    "atlas": "",
    "rect": {
      "x": 4,
      "y": 1,
      "width": 1214,
      "height": 1570
    },
    "offset": {
      "x": 2,
      "y": 0
    },
    "originalSize": {
      "width": 1218,
      "height": 1572
    },
    "rotated": false,
    "capInsets": [
      0,
      0,
      0,
      0
    ],
    "vertices": {
      "rawPosition": [
        -607,
        -785,
        0,
        607,
        -785,
        0,
        -607,
        785,
        0,
        607,
        785,
        0
      ],
      "indexes": [
        0,
        1,
        2,
        2,
        1,
        3
      ],
      "uv": [
        4,
        1571,
        1218,
        1571,
        4,
        1,
        1218,
        1
      ],
      "nuv": [
        0.003284072249589491,
        0.0006361323155216285,
        1,
        0.0006361323155216285,
        0.003284072249589491,
        0.9993638676844784,
        1,
        0.9993638676844784
      ],
      "minPos": {
        "x": -607,
        "y": -785,
        "z": 0
      },
      "maxPos": {
        "x": 607,
        "y": 785,
        "z": 0
      }
    },
    "texture": "473dec81-d851-4113-b98b-95ade68e32de@6c48a",
    "packable": true,
    "pixelsToUnit": 100,
    "pivot": {
      "x": 0.5,
      "y": 0.5
    },
    "meshType": 0
  }
}