{
  "__type__": "cc.SpriteFrame",
  "content": {
    "name": "17_Potion2",
    "atlas": "",
    "rect": {
      "x": 0,
      "y": 9,
      "width": 230,
      "height": 268
    },
    "offset": {
      "x": -5,
      "y": -4.5
    },
    "originalSize": {
      "width": 240,
      "height": 277
    },
    "rotated": false,
    "capInsets": [
      0,
      0,
      0,
      0
    ],
    "vertices": {
      "rawPosition": [
        -115,
        -134,
        0,
        115,
        -134,
        0,
        -115,
        134,
        0,
        115,
        134,
        0
      ],
      "indexes": [
        0,
        1,
        2,
        2,
        1,
        3
      ],
      "uv": [
        0,
        268,
        230,
        268,
        0,
        0,
        230,
        0
      ],
      "nuv": [
        0,
        0,
        0.9583333333333334,
        0,
        0,
        0.9675090252707581,
        0.9583333333333334,
        0.9675090252707581
      ],
      "minPos": {
        "x": -115,
        "y": -134,
        "z": 0
      },
      "maxPos": {
        "x": 115,
        "y": 134,
        "z": 0
      }
    },
    "texture": "fd96e593-8d8f-42b9-88f6-215e93a7e5eb@6c48a",
    "packable": true,
    "pixelsToUnit": 100,
    "pivot": {
      "x": 0.5,
      "y": 0.5
    },
    "meshType": 0
  }
}