{
  "__type__": "cc.SpriteFrame",
  "content": {
    "name": "35_Potion2",
    "atlas": "",
    "rect": {
      "x": 11,
      "y": 9,
      "width": 219,
      "height": 261
    },
    "offset": {
      "x": 0.5,
      "y": -1
    },
    "originalSize": {
      "width": 240,
      "height": 277
    },
    "rotated": false,
    "capInsets": [
      0,
      0,
      0,
      0
    ],
    "vertices": {
      "rawPosition": [
        -109.5,
        -130.5,
        0,
        109.5,
        -130.5,
        0,
        -109.5,
        130.5,
        0,
        109.5,
        130.5,
        0
      ],
      "indexes": [
        0,
        1,
        2,
        2,
        1,
        3
      ],
      "uv": [
        11,
        268,
        230,
        268,
        11,
        7,
        230,
        7
      ],
      "nuv": [
        0.04583333333333333,
        0.02527075812274368,
        0.9583333333333334,
        0.02527075812274368,
        0.04583333333333333,
        0.9675090252707581,
        0.9583333333333334,
        0.9675090252707581
      ],
      "minPos": {
        "x": -109.5,
        "y": -130.5,
        "z": 0
      },
      "maxPos": {
        "x": 109.5,
        "y": 130.5,
        "z": 0
      }
    },
    "texture": "8c4eafe3-f648-4f6b-9363-210a14c83cbb@6c48a",
    "packable": true,
    "pixelsToUnit": 100,
    "pivot": {
      "x": 0.5,
      "y": 0.5
    },
    "meshType": 0
  }
}