{
  "__type__": "cc.SpriteFrame",
  "content": {
    "name": "FGUI_atlas0",
    "atlas": "",
    "rect": {
      "x": 0,
      "y": 0,
      "width": 2026,
      "height": 1963
    },
    "offset": {
      "x": -11,
      "y": 42.5
    },
    "originalSize": {
      "width": 2048,
      "height": 2048
    },
    "rotated": false,
    "capInsets": [
      0,
      0,
      0,
      0
    ],
    "vertices": {
      "rawPosition": [
        -1013,
        -981.5,
        0,
        1013,
        -981.5,
        0,
        -1013,
        981.5,
        0,
        1013,
        981.5,
        0
      ],
      "indexes": [
        0,
        1,
        2,
        2,
        1,
        3
      ],
      "uv": [
        0,
        2048,
        2026,
        2048,
        0,
        85,
        2026,
        85
      ],
      "nuv": [
        0,
        0.04150390625,
        0.9892578125,
        0.04150390625,
        0,
        1,
        0.9892578125,
        1
      ],
      "minPos": {
        "x": -1013,
        "y": -981.5,
        "z": 0
      },
      "maxPos": {
        "x": 1013,
        "y": 981.5,
        "z": 0
      }
    },
    "texture": "091867e8-cf67-4218-b0ea-3410abcbfa2e@6c48a",
    "packable": true,
    "pixelsToUnit": 100,
    "pivot": {
      "x": 0.5,
      "y": 0.5
    },
    "meshType": 0
  }
}