{
  "__type__": "cc.SpriteFrame",
  "content": {
    "name": "22_Potion1",
    "atlas": "",
    "rect": {
      "x": 12,
      "y": 8,
      "width": 191,
      "height": 254
    },
    "offset": {
      "x": 6,
      "y": -4
    },
    "originalSize": {
      "width": 203,
      "height": 262
    },
    "rotated": false,
    "capInsets": [
      0,
      0,
      0,
      0
    ],
    "vertices": {
      "rawPosition": [
        -95.5,
        -127,
        0,
        95.5,
        -127,
        0,
        -95.5,
        127,
        0,
        95.5,
        127,
        0
      ],
      "indexes": [
        0,
        1,
        2,
        2,
        1,
        3
      ],
      "uv": [
        12,
        254,
        203,
        254,
        12,
        0,
        203,
        0
      ],
      "nuv": [
        0.059113300492610835,
        0,
        1,
        0,
        0.059113300492610835,
        0.9694656488549618,
        1,
        0.9694656488549618
      ],
      "minPos": {
        "x": -95.5,
        "y": -127,
        "z": 0
      },
      "maxPos": {
        "x": 95.5,
        "y": 127,
        "z": 0
      }
    },
    "texture": "09d26519-70d6-4c4d-88bf-1a8adb13f42b@6c48a",
    "packable": true,
    "pixelsToUnit": 100,
    "pivot": {
      "x": 0.5,
      "y": 0.5
    },
    "meshType": 0
  }
}