{
  "__type__": "cc.SpriteFrame",
  "content": {
    "name": "18_Potion1",
    "atlas": "",
    "rect": {
      "x": 10,
      "y": 4,
      "width": 192,
      "height": 258
    },
    "offset": {
      "x": 4.5,
      "y": -2
    },
    "originalSize": {
      "width": 203,
      "height": 262
    },
    "rotated": false,
    "capInsets": [
      0,
      0,
      0,
      0
    ],
    "vertices": {
      "rawPosition": [
        -96,
        -129,
        0,
        96,
        -129,
        0,
        -96,
        129,
        0,
        96,
        129,
        0
      ],
      "indexes": [
        0,
        1,
        2,
        2,
        1,
        3
      ],
      "uv": [
        10,
        258,
        202,
        258,
        10,
        0,
        202,
        0
      ],
      "nuv": [
        0.04926108374384237,
        0,
        0.9950738916256158,
        0,
        0.04926108374384237,
        0.9847328244274809,
        0.9950738916256158,
        0.9847328244274809
      ],
      "minPos": {
        "x": -96,
        "y": -129,
        "z": 0
      },
      "maxPos": {
        "x": 96,
        "y": 129,
        "z": 0
      }
    },
    "texture": "77996613-919a-4868-bcad-66f56dce0ad1@6c48a",
    "packable": true,
    "pixelsToUnit": 100,
    "pivot": {
      "x": 0.5,
      "y": 0.5
    },
    "meshType": 0
  }
}