{
  "__type__": "cc.SpriteFrame",
  "content": {
    "name": "11_Potion2",
    "atlas": "",
    "rect": {
      "x": 11,
      "y": 9,
      "width": 218,
      "height": 260
    },
    "offset": {
      "x": 0,
      "y": -0.5
    },
    "originalSize": {
      "width": 240,
      "height": 277
    },
    "rotated": false,
    "capInsets": [
      0,
      0,
      0,
      0
    ],
    "vertices": {
      "rawPosition": [
        -109,
        -130,
        0,
        109,
        -130,
        0,
        -109,
        130,
        0,
        109,
        130,
        0
      ],
      "indexes": [
        0,
        1,
        2,
        2,
        1,
        3
      ],
      "uv": [
        11,
        268,
        229,
        268,
        11,
        8,
        229,
        8
      ],
      "nuv": [
        0.04583333333333333,
        0.02888086642599278,
        0.9541666666666667,
        0.02888086642599278,
        0.04583333333333333,
        0.9675090252707581,
        0.9541666666666667,
        0.9675090252707581
      ],
      "minPos": {
        "x": -109,
        "y": -130,
        "z": 0
      },
      "maxPos": {
        "x": 109,
        "y": 130,
        "z": 0
      }
    },
    "texture": "7209387b-f5af-43e2-b3bb-bc7539646d33@6c48a",
    "packable": true,
    "pixelsToUnit": 100,
    "pivot": {
      "x": 0.5,
      "y": 0.5
    },
    "meshType": 0
  }
}