{
  "__type__": "cc.SpriteFrame",
  "content": {
    "name": "freepik__adjust__60911",
    "atlas": "",
    "rect": {
      "x": 4,
      "y": 8,
      "width": 186,
      "height": 183
    },
    "offset": {
      "x": 0.5,
      "y": -3
    },
    "originalSize": {
      "width": 193,
      "height": 193
    },
    "rotated": false,
    "capInsets": [
      0,
      0,
      0,
      0
    ],
    "vertices": {
      "rawPosition": [
        -93,
        -91.5,
        0,
        93,
        -91.5,
        0,
        -93,
        91.5,
        0,
        93,
        91.5,
        0
      ],
      "indexes": [
        0,
        1,
        2,
        2,
        1,
        3
      ],
      "uv": [
        4,
        185,
        190,
        185,
        4,
        2,
        190,
        2
      ],
      "nuv": [
        0.02072538860103627,
        0.010362694300518135,
        0.9844559585492227,
        0.010362694300518135,
        0.02072538860103627,
        0.9585492227979274,
        0.9844559585492227,
        0.9585492227979274
      ],
      "minPos": {
        "x": -93,
        "y": -91.5,
        "z": 0
      },
      "maxPos": {
        "x": 93,
        "y": 91.5,
        "z": 0
      }
    },
    "texture": "55fd28a5-ec80-4b17-8872-3c5feab7ea39@6c48a",
    "packable": true,
    "pixelsToUnit": 100,
    "pivot": {
      "x": 0.5,
      "y": 0.5
    },
    "meshType": 0
  }
}