{
  "__type__": "cc.SpriteFrame",
  "content": {
    "name": "08_Potion2",
    "atlas": "",
    "rect": {
      "x": 10,
      "y": 9,
      "width": 227,
      "height": 267
    },
    "offset": {
      "x": 3.5,
      "y": -4
    },
    "originalSize": {
      "width": 240,
      "height": 277
    },
    "rotated": false,
    "capInsets": [
      0,
      0,
      0,
      0
    ],
    "vertices": {
      "rawPosition": [
        -113.5,
        -133.5,
        0,
        113.5,
        -133.5,
        0,
        -113.5,
        133.5,
        0,
        113.5,
        133.5,
        0
      ],
      "indexes": [
        0,
        1,
        2,
        2,
        1,
        3
      ],
      "uv": [
        10,
        268,
        237,
        268,
        10,
        1,
        237,
        1
      ],
      "nuv": [
        0.041666666666666664,
        0.0036101083032490976,
        0.9875,
        0.0036101083032490976,
        0.041666666666666664,
        0.9675090252707581,
        0.9875,
        0.9675090252707581
      ],
      "minPos": {
        "x": -113.5,
        "y": -133.5,
        "z": 0
      },
      "maxPos": {
        "x": 113.5,
        "y": 133.5,
        "z": 0
      }
    },
    "texture": "b112fc69-f304-46c1-9616-0741d7dc187e@6c48a",
    "packable": true,
    "pixelsToUnit": 100,
    "pivot": {
      "x": 0.5,
      "y": 0.5
    },
    "meshType": 0
  }
}