{
  "__type__": "cc.SpriteFrame",
  "content": {
    "name": "11_Potion1",
    "atlas": "",
    "rect": {
      "x": 4,
      "y": 5,
      "width": 191,
      "height": 257
    },
    "offset": {
      "x": -2,
      "y": -2.5
    },
    "originalSize": {
      "width": 203,
      "height": 262
    },
    "rotated": false,
    "capInsets": [
      0,
      0,
      0,
      0
    ],
    "vertices": {
      "rawPosition": [
        -95.5,
        -128.5,
        0,
        95.5,
        -128.5,
        0,
        -95.5,
        128.5,
        0,
        95.5,
        128.5,
        0
      ],
      "indexes": [
        0,
        1,
        2,
        2,
        1,
        3
      ],
      "uv": [
        4,
        257,
        195,
        257,
        4,
        0,
        195,
        0
      ],
      "nuv": [
        0.019704433497536946,
        0,
        0.9605911330049262,
        0,
        0.019704433497536946,
        0.9809160305343512,
        0.9605911330049262,
        0.9809160305343512
      ],
      "minPos": {
        "x": -95.5,
        "y": -128.5,
        "z": 0
      },
      "maxPos": {
        "x": 95.5,
        "y": 128.5,
        "z": 0
      }
    },
    "texture": "32be641b-6791-46b4-b928-b4af57dbc884@6c48a",
    "packable": true,
    "pixelsToUnit": 100,
    "pivot": {
      "x": 0.5,
      "y": 0.5
    },
    "meshType": 0
  }
}