{
  "__type__": "cc.SpriteFrame",
  "content": {
    "name": "sprite-256px-36 (2)",
    "atlas": "",
    "rect": {
      "x": 1,
      "y": 2,
      "width": 886,
      "height": 1676
    },
    "offset": {
      "x": 0,
      "y": 0
    },
    "originalSize": {
      "width": 888,
      "height": 1680
    },
    "rotated": false,
    "capInsets": [
      0,
      0,
      0,
      0
    ],
    "vertices": {
      "rawPosition": [
        -443,
        -838,
        0,
        443,
        -838,
        0,
        -443,
        838,
        0,
        443,
        838,
        0
      ],
      "indexes": [
        0,
        1,
        2,
        2,
        1,
        3
      ],
      "uv": [
        1,
        1678,
        887,
        1678,
        1,
        2,
        887,
        2
      ],
      "nuv": [
        0.0011261261261261261,
        0.0011904761904761906,
        0.9988738738738738,
        0.0011904761904761906,
        0.0011261261261261261,
        0.9988095238095238,
        0.9988738738738738,
        0.9988095238095238
      ],
      "minPos": {
        "x": -443,
        "y": -838,
        "z": 0
      },
      "maxPos": {
        "x": 443,
        "y": 838,
        "z": 0
      }
    },
    "texture": "8e4a9fcb-42fa-4d2f-9925-c1eb96c913b7@6c48a",
    "packable": true,
    "pixelsToUnit": 100,
    "pivot": {
      "x": 0.5,
      "y": 0.5
    },
    "meshType": 0
  }
}