{
  "__type__": "cc.SpriteFrame",
  "content": {
    "name": "01_Potion2",
    "atlas": "",
    "rect": {
      "x": 11,
      "y": 9,
      "width": 219,
      "height": 260
    },
    "offset": {
      "x": 0.5,
      "y": -0.5
    },
    "originalSize": {
      "width": 240,
      "height": 277
    },
    "rotated": false,
    "capInsets": [
      0,
      0,
      0,
      0
    ],
    "vertices": {
      "rawPosition": [
        -109.5,
        -130,
        0,
        109.5,
        -130,
        0,
        -109.5,
        130,
        0,
        109.5,
        130,
        0
      ],
      "indexes": [
        0,
        1,
        2,
        2,
        1,
        3
      ],
      "uv": [
        11,
        268,
        230,
        268,
        11,
        8,
        230,
        8
      ],
      "nuv": [
        0.04583333333333333,
        0.02888086642599278,
        0.9583333333333334,
        0.02888086642599278,
        0.04583333333333333,
        0.9675090252707581,
        0.9583333333333334,
        0.9675090252707581
      ],
      "minPos": {
        "x": -109.5,
        "y": -130,
        "z": 0
      },
      "maxPos": {
        "x": 109.5,
        "y": 130,
        "z": 0
      }
    },
    "texture": "8efd3c64-b6e6-4e63-b4a7-95f1419fec5d@6c48a",
    "packable": true,
    "pixelsToUnit": 100,
    "pivot": {
      "x": 0.5,
      "y": 0.5
    },
    "meshType": 0
  }
}