{
  "__type__": "cc.SpriteFrame",
  "content": {
    "name": "26_Potion1",
    "atlas": "",
    "rect": {
      "x": 8,
      "y": 1,
      "width": 191,
      "height": 260
    },
    "offset": {
      "x": 2,
      "y": 0
    },
    "originalSize": {
      "width": 203,
      "height": 262
    },
    "rotated": false,
    "capInsets": [
      0,
      0,
      0,
      0
    ],
    "vertices": {
      "rawPosition": [
        -95.5,
        -130,
        0,
        95.5,
        -130,
        0,
        -95.5,
        130,
        0,
        95.5,
        130,
        0
      ],
      "indexes": [
        0,
        1,
        2,
        2,
        1,
        3
      ],
      "uv": [
        8,
        261,
        199,
        261,
        8,
        1,
        199,
        1
      ],
      "nuv": [
        0.03940886699507389,
        0.003816793893129771,
        0.9802955665024631,
        0.003816793893129771,
        0.03940886699507389,
        0.9961832061068703,
        0.9802955665024631,
        0.9961832061068703
      ],
      "minPos": {
        "x": -95.5,
        "y": -130,
        "z": 0
      },
      "maxPos": {
        "x": 95.5,
        "y": 130,
        "z": 0
      }
    },
    "texture": "3e13f20d-ecc8-4377-af7d-69fb3b621cab@6c48a",
    "packable": true,
    "pixelsToUnit": 100,
    "pivot": {
      "x": 0.5,
      "y": 0.5
    },
    "meshType": 0
  }
}