{
  "__type__": "cc.SpriteFrame",
  "content": {
    "name": "13_Potion1",
    "atlas": "",
    "rect": {
      "x": 4,
      "y": 3,
      "width": 191,
      "height": 259
    },
    "offset": {
      "x": -2,
      "y": -1.5
    },
    "originalSize": {
      "width": 203,
      "height": 262
    },
    "rotated": false,
    "capInsets": [
      0,
      0,
      0,
      0
    ],
    "vertices": {
      "rawPosition": [
        -95.5,
        -129.5,
        0,
        95.5,
        -129.5,
        0,
        -95.5,
        129.5,
        0,
        95.5,
        129.5,
        0
      ],
      "indexes": [
        0,
        1,
        2,
        2,
        1,
        3
      ],
      "uv": [
        4,
        259,
        195,
        259,
        4,
        0,
        195,
        0
      ],
      "nuv": [
        0.019704433497536946,
        0,
        0.9605911330049262,
        0,
        0.019704433497536946,
        0.9885496183206107,
        0.9605911330049262,
        0.9885496183206107
      ],
      "minPos": {
        "x": -95.5,
        "y": -129.5,
        "z": 0
      },
      "maxPos": {
        "x": 95.5,
        "y": 129.5,
        "z": 0
      }
    },
    "texture": "21624391-5cef-4a76-8131-fefdab1282c0@6c48a",
    "packable": true,
    "pixelsToUnit": 100,
    "pivot": {
      "x": 0.5,
      "y": 0.5
    },
    "meshType": 0
  }
}