{
  "__type__": "cc.SpriteFrame",
  "content": {
    "name": "32_Potion2",
    "atlas": "",
    "rect": {
      "x": 11,
      "y": 9,
      "width": 223,
      "height": 264
    },
    "offset": {
      "x": 2.5,
      "y": -2.5
    },
    "originalSize": {
      "width": 240,
      "height": 277
    },
    "rotated": false,
    "capInsets": [
      0,
      0,
      0,
      0
    ],
    "vertices": {
      "rawPosition": [
        -111.5,
        -132,
        0,
        111.5,
        -132,
        0,
        -111.5,
        132,
        0,
        111.5,
        132,
        0
      ],
      "indexes": [
        0,
        1,
        2,
        2,
        1,
        3
      ],
      "uv": [
        11,
        268,
        234,
        268,
        11,
        4,
        234,
        4
      ],
      "nuv": [
        0.04583333333333333,
        0.01444043321299639,
        0.975,
        0.01444043321299639,
        0.04583333333333333,
        0.9675090252707581,
        0.975,
        0.9675090252707581
      ],
      "minPos": {
        "x": -111.5,
        "y": -132,
        "z": 0
      },
      "maxPos": {
        "x": 111.5,
        "y": 132,
        "z": 0
      }
    },
    "texture": "21de1f43-9250-4280-8d32-da84decfffdd@6c48a",
    "packable": true,
    "pixelsToUnit": 100,
    "pivot": {
      "x": 0.5,
      "y": 0.5
    },
    "meshType": 0
  }
}