{
  "__type__": "cc.SpriteFrame",
  "content": {
    "name": "23_Potion1",
    "atlas": "",
    "rect": {
      "x": 11,
      "y": 6,
      "width": 192,
      "height": 256
    },
    "offset": {
      "x": 5.5,
      "y": -3
    },
    "originalSize": {
      "width": 203,
      "height": 262
    },
    "rotated": false,
    "capInsets": [
      0,
      0,
      0,
      0
    ],
    "vertices": {
      "rawPosition": [
        -96,
        -128,
        0,
        96,
        -128,
        0,
        -96,
        128,
        0,
        96,
        128,
        0
      ],
      "indexes": [
        0,
        1,
        2,
        2,
        1,
        3
      ],
      "uv": [
        11,
        256,
        203,
        256,
        11,
        0,
        203,
        0
      ],
      "nuv": [
        0.054187192118226604,
        0,
        1,
        0,
        0.054187192118226604,
        0.9770992366412213,
        1,
        0.9770992366412213
      ],
      "minPos": {
        "x": -96,
        "y": -128,
        "z": 0
      },
      "maxPos": {
        "x": 96,
        "y": 128,
        "z": 0
      }
    },
    "texture": "e90b49b8-2e5d-4c7e-9a8d-421638d5244c@6c48a",
    "packable": true,
    "pixelsToUnit": 100,
    "pivot": {
      "x": 0.5,
      "y": 0.5
    },
    "meshType": 0
  }
}