{
  "__type__": "cc.SpriteFrame",
  "content": {
    "name": "FGUI_atlas0_2",
    "atlas": "",
    "rect": {
      "x": 0,
      "y": 0,
      "width": 1910,
      "height": 1638
    },
    "offset": {
      "x": -69,
      "y": 205
    },
    "originalSize": {
      "width": 2048,
      "height": 2048
    },
    "rotated": false,
    "capInsets": [
      0,
      0,
      0,
      0
    ],
    "vertices": {
      "rawPosition": [
        -955,
        -819,
        0,
        955,
        -819,
        0,
        -955,
        819,
        0,
        955,
        819,
        0
      ],
      "indexes": [
        0,
        1,
        2,
        2,
        1,
        3
      ],
      "uv": [
        0,
        2048,
        1910,
        2048,
        0,
        410,
        1910,
        410
      ],
      "nuv": [
        0,
        0.2001953125,
        0.9326171875,
        0.2001953125,
        0,
        1,
        0.9326171875,
        1
      ],
      "minPos": {
        "x": -955,
        "y": -819,
        "z": 0
      },
      "maxPos": {
        "x": 955,
        "y": 819,
        "z": 0
      }
    },
    "texture": "6dd1da82-bf25-41d5-bed7-b941cb85db7b@6c48a",
    "packable": true,
    "pixelsToUnit": 100,
    "pivot": {
      "x": 0.5,
      "y": 0.5
    },
    "meshType": 0
  }
}