{
  "__type__": "cc.SpriteFrame",
  "content": {
    "name": "03_Potion2",
    "atlas": "",
    "rect": {
      "x": 11,
      "y": 9,
      "width": 221,
      "height": 262
    },
    "offset": {
      "x": 1.5,
      "y": -1.5
    },
    "originalSize": {
      "width": 240,
      "height": 277
    },
    "rotated": false,
    "capInsets": [
      0,
      0,
      0,
      0
    ],
    "vertices": {
      "rawPosition": [
        -110.5,
        -131,
        0,
        110.5,
        -131,
        0,
        -110.5,
        131,
        0,
        110.5,
        131,
        0
      ],
      "indexes": [
        0,
        1,
        2,
        2,
        1,
        3
      ],
      "uv": [
        11,
        268,
        232,
        268,
        11,
        6,
        232,
        6
      ],
      "nuv": [
        0.04583333333333333,
        0.021660649819494584,
        0.9666666666666667,
        0.021660649819494584,
        0.04583333333333333,
        0.9675090252707581,
        0.9666666666666667,
        0.9675090252707581
      ],
      "minPos": {
        "x": -110.5,
        "y": -131,
        "z": 0
      },
      "maxPos": {
        "x": 110.5,
        "y": 131,
        "z": 0
      }
    },
    "texture": "ea39abcf-e971-44ab-bac3-08cef5ca801e@6c48a",
    "packable": true,
    "pixelsToUnit": 100,
    "pivot": {
      "x": 0.5,
      "y": 0.5
    },
    "meshType": 0
  }
}