{
  "__type__": "cc.SpriteFrame",
  "content": {
    "name": "04_Potion2",
    "atlas": "",
    "rect": {
      "x": 11,
      "y": 9,
      "width": 224,
      "height": 265
    },
    "offset": {
      "x": 3,
      "y": -3
    },
    "originalSize": {
      "width": 240,
      "height": 277
    },
    "rotated": false,
    "capInsets": [
      0,
      0,
      0,
      0
    ],
    "vertices": {
      "rawPosition": [
        -112,
        -132.5,
        0,
        112,
        -132.5,
        0,
        -112,
        132.5,
        0,
        112,
        132.5,
        0
      ],
      "indexes": [
        0,
        1,
        2,
        2,
        1,
        3
      ],
      "uv": [
        11,
        268,
        235,
        268,
        11,
        3,
        235,
        3
      ],
      "nuv": [
        0.04583333333333333,
        0.010830324909747292,
        0.9791666666666666,
        0.010830324909747292,
        0.04583333333333333,
        0.9675090252707581,
        0.9791666666666666,
        0.9675090252707581
      ],
      "minPos": {
        "x": -112,
        "y": -132.5,
        "z": 0
      },
      "maxPos": {
        "x": 112,
        "y": 132.5,
        "z": 0
      }
    },
    "texture": "0bf59b79-e2e3-4c4e-a2d4-1b9b371f8395@6c48a",
    "packable": true,
    "pixelsToUnit": 100,
    "pivot": {
      "x": 0.5,
      "y": 0.5
    },
    "meshType": 0
  }
}