{
  "__type__": "cc.SpriteFrame",
  "content": {
    "name": "27_Potion2",
    "atlas": "",
    "rect": {
      "x": 10,
      "y": 9,
      "width": 227,
      "height": 268
    },
    "offset": {
      "x": 3.5,
      "y": -4.5
    },
    "originalSize": {
      "width": 240,
      "height": 277
    },
    "rotated": false,
    "capInsets": [
      0,
      0,
      0,
      0
    ],
    "vertices": {
      "rawPosition": [
        -113.5,
        -134,
        0,
        113.5,
        -134,
        0,
        -113.5,
        134,
        0,
        113.5,
        134,
        0
      ],
      "indexes": [
        0,
        1,
        2,
        2,
        1,
        3
      ],
      "uv": [
        10,
        268,
        237,
        268,
        10,
        0,
        237,
        0
      ],
      "nuv": [
        0.041666666666666664,
        0,
        0.9875,
        0,
        0.041666666666666664,
        0.9675090252707581,
        0.9875,
        0.9675090252707581
      ],
      "minPos": {
        "x": -113.5,
        "y": -134,
        "z": 0
      },
      "maxPos": {
        "x": 113.5,
        "y": 134,
        "z": 0
      }
    },
    "texture": "63a0df95-5ff6-4827-a135-3215dc06ef44@6c48a",
    "packable": true,
    "pixelsToUnit": 100,
    "pivot": {
      "x": 0.5,
      "y": 0.5
    },
    "meshType": 0
  }
}