{
  "__type__": "cc.SpriteFrame",
  "content": {
    "name": "14_Potion2",
    "atlas": "",
    "rect": {
      "x": 2,
      "y": 9,
      "width": 228,
      "height": 268
    },
    "offset": {
      "x": -4,
      "y": -4.5
    },
    "originalSize": {
      "width": 240,
      "height": 277
    },
    "rotated": false,
    "capInsets": [
      0,
      0,
      0,
      0
    ],
    "vertices": {
      "rawPosition": [
        -114,
        -134,
        0,
        114,
        -134,
        0,
        -114,
        134,
        0,
        114,
        134,
        0
      ],
      "indexes": [
        0,
        1,
        2,
        2,
        1,
        3
      ],
      "uv": [
        2,
        268,
        230,
        268,
        2,
        0,
        230,
        0
      ],
      "nuv": [
        0.008333333333333333,
        0,
        0.9583333333333334,
        0,
        0.008333333333333333,
        0.9675090252707581,
        0.9583333333333334,
        0.9675090252707581
      ],
      "minPos": {
        "x": -114,
        "y": -134,
        "z": 0
      },
      "maxPos": {
        "x": 114,
        "y": 134,
        "z": 0
      }
    },
    "texture": "624e4329-8b6e-4b41-9b70-7b1b278e2356@6c48a",
    "packable": true,
    "pixelsToUnit": 100,
    "pivot": {
      "x": 0.5,
      "y": 0.5
    },
    "meshType": 0
  }
}