{
  "__type__": "cc.SpriteFrame",
  "content": {
    "name": "13_Potion2",
    "atlas": "",
    "rect": {
      "x": 3,
      "y": 9,
      "width": 226,
      "height": 266
    },
    "offset": {
      "x": -4,
      "y": -3.5
    },
    "originalSize": {
      "width": 240,
      "height": 277
    },
    "rotated": false,
    "capInsets": [
      0,
      0,
      0,
      0
    ],
    "vertices": {
      "rawPosition": [
        -113,
        -133,
        0,
        113,
        -133,
        0,
        -113,
        133,
        0,
        113,
        133,
        0
      ],
      "indexes": [
        0,
        1,
        2,
        2,
        1,
        3
      ],
      "uv": [
        3,
        268,
        229,
        268,
        3,
        2,
        229,
        2
      ],
      "nuv": [
        0.0125,
        0.007220216606498195,
        0.9541666666666667,
        0.007220216606498195,
        0.0125,
        0.9675090252707581,
        0.9541666666666667,
        0.9675090252707581
      ],
      "minPos": {
        "x": -113,
        "y": -133,
        "z": 0
      },
      "maxPos": {
        "x": 113,
        "y": 133,
        "z": 0
      }
    },
    "texture": "5370e99b-6d6b-4777-a248-80b3c7271f81@6c48a",
    "packable": true,
    "pixelsToUnit": 100,
    "pivot": {
      "x": 0.5,
      "y": 0.5
    },
    "meshType": 0
  }
}