{
  "__type__": "cc.SpriteFrame",
  "content": {
    "name": "FGUI_atlas0_1",
    "atlas": "",
    "rect": {
      "x": 0,
      "y": 0,
      "width": 775,
      "height": 502
    },
    "offset": {
      "x": -124.5,
      "y": 5
    },
    "originalSize": {
      "width": 1024,
      "height": 512
    },
    "rotated": false,
    "capInsets": [
      0,
      0,
      0,
      0
    ],
    "vertices": {
      "rawPosition": [
        -387.5,
        -251,
        0,
        387.5,
        -251,
        0,
        -387.5,
        251,
        0,
        387.5,
        251,
        0
      ],
      "indexes": [
        0,
        1,
        2,
        2,
        1,
        3
      ],
      "uv": [
        0,
        512,
        775,
        512,
        0,
        10,
        775,
        10
      ],
      "nuv": [
        0,
        0.01953125,
        0.7568359375,
        0.01953125,
        0,
        1,
        0.7568359375,
        1
      ],
      "minPos": {
        "x": -387.5,
        "y": -251,
        "z": 0
      },
      "maxPos": {
        "x": 387.5,
        "y": 251,
        "z": 0
      }
    },
    "texture": "a1c33601-0389-4c36-9f9b-e2bcc919730e@6c48a",
    "packable": true,
    "pixelsToUnit": 100,
    "pivot": {
      "x": 0.5,
      "y": 0.5
    },
    "meshType": 0
  }
}