{
  "__type__": "cc.SpriteFrame",
  "content": {
    "name": "12_Potion2",
    "atlas": "",
    "rect": {
      "x": 6,
      "y": 9,
      "width": 223,
      "height": 264
    },
    "offset": {
      "x": -2.5,
      "y": -2.5
    },
    "originalSize": {
      "width": 240,
      "height": 277
    },
    "rotated": false,
    "capInsets": [
      0,
      0,
      0,
      0
    ],
    "vertices": {
      "rawPosition": [
        -111.5,
        -132,
        0,
        111.5,
        -132,
        0,
        -111.5,
        132,
        0,
        111.5,
        132,
        0
      ],
      "indexes": [
        0,
        1,
        2,
        2,
        1,
        3
      ],
      "uv": [
        6,
        268,
        229,
        268,
        6,
        4,
        229,
        4
      ],
      "nuv": [
        0.025,
        0.01444043321299639,
        0.9541666666666667,
        0.01444043321299639,
        0.025,
        0.9675090252707581,
        0.9541666666666667,
        0.9675090252707581
      ],
      "minPos": {
        "x": -111.5,
        "y": -132,
        "z": 0
      },
      "maxPos": {
        "x": 111.5,
        "y": 132,
        "z": 0
      }
    },
    "texture": "69122e94-9238-4962-b815-56bbfc6442f6@6c48a",
    "packable": true,
    "pixelsToUnit": 100,
    "pivot": {
      "x": 0.5,
      "y": 0.5
    },
    "meshType": 0
  }
}