{
  "__type__": "cc.SpriteFrame",
  "content": {
    "name": "20_Potion2",
    "atlas": "",
    "rect": {
      "x": 6,
      "y": 9,
      "width": 223,
      "height": 263
    },
    "offset": {
      "x": -2.5,
      "y": -2
    },
    "originalSize": {
      "width": 240,
      "height": 277
    },
    "rotated": false,
    "capInsets": [
      0,
      0,
      0,
      0
    ],
    "vertices": {
      "rawPosition": [
        -111.5,
        -131.5,
        0,
        111.5,
        -131.5,
        0,
        -111.5,
        131.5,
        0,
        111.5,
        131.5,
        0
      ],
      "indexes": [
        0,
        1,
        2,
        2,
        1,
        3
      ],
      "uv": [
        6,
        268,
        229,
        268,
        6,
        5,
        229,
        5
      ],
      "nuv": [
        0.025,
        0.018050541516245487,
        0.9541666666666667,
        0.018050541516245487,
        0.025,
        0.9675090252707581,
        0.9541666666666667,
        0.9675090252707581
      ],
      "minPos": {
        "x": -111.5,
        "y": -131.5,
        "z": 0
      },
      "maxPos": {
        "x": 111.5,
        "y": 131.5,
        "z": 0
      }
    },
    "texture": "788edb84-d6de-492e-b992-9ec4aa399e73@6c48a",
    "packable": true,
    "pixelsToUnit": 100,
    "pivot": {
      "x": 0.5,
      "y": 0.5
    },
    "meshType": 0
  }
}