{
  "__type__": "cc.SpriteFrame",
  "content": {
    "name": "33_Potion2",
    "atlas": "",
    "rect": {
      "x": 11,
      "y": 9,
      "width": 222,
      "height": 263
    },
    "offset": {
      "x": 2,
      "y": -2
    },
    "originalSize": {
      "width": 240,
      "height": 277
    },
    "rotated": false,
    "capInsets": [
      0,
      0,
      0,
      0
    ],
    "vertices": {
      "rawPosition": [
        -111,
        -131.5,
        0,
        111,
        -131.5,
        0,
        -111,
        131.5,
        0,
        111,
        131.5,
        0
      ],
      "indexes": [
        0,
        1,
        2,
        2,
        1,
        3
      ],
      "uv": [
        11,
        268,
        233,
        268,
        11,
        5,
        233,
        5
      ],
      "nuv": [
        0.04583333333333333,
        0.018050541516245487,
        0.9708333333333333,
        0.018050541516245487,
        0.04583333333333333,
        0.9675090252707581,
        0.9708333333333333,
        0.9675090252707581
      ],
      "minPos": {
        "x": -111,
        "y": -131.5,
        "z": 0
      },
      "maxPos": {
        "x": 111,
        "y": 131.5,
        "z": 0
      }
    },
    "texture": "7c930e2d-a543-44d2-835d-66adf6b593c7@6c48a",
    "packable": true,
    "pixelsToUnit": 100,
    "pivot": {
      "x": 0.5,
      "y": 0.5
    },
    "meshType": 0
  }
}