{
  "__type__": "cc.SpriteFrame",
  "content": {
    "name": "FGUI_atlas0_3",
    "atlas": "",
    "rect": {
      "x": 0,
      "y": 0,
      "width": 1828,
      "height": 1922
    },
    "offset": {
      "x": -110,
      "y": 63
    },
    "originalSize": {
      "width": 2048,
      "height": 2048
    },
    "rotated": false,
    "capInsets": [
      0,
      0,
      0,
      0
    ],
    "vertices": {
      "rawPosition": [
        -914,
        -961,
        0,
        914,
        -961,
        0,
        -914,
        961,
        0,
        914,
        961,
        0
      ],
      "indexes": [
        0,
        1,
        2,
        2,
        1,
        3
      ],
      "uv": [
        0,
        2048,
        1828,
        2048,
        0,
        126,
        1828,
        126
      ],
      "nuv": [
        0,
        0.0615234375,
        0.892578125,
        0.0615234375,
        0,
        1,
        0.892578125,
        1
      ],
      "minPos": {
        "x": -914,
        "y": -961,
        "z": 0
      },
      "maxPos": {
        "x": 914,
        "y": 961,
        "z": 0
      }
    },
    "texture": "67769150-c605-49d0-a07b-c16e51cc929c@6c48a",
    "packable": true,
    "pixelsToUnit": 100,
    "pivot": {
      "x": 0.5,
      "y": 0.5
    },
    "meshType": 0
  }
}