{
  "__type__": "cc.SpriteFrame",
  "content": {
    "name": "25_Potion1",
    "atlas": "",
    "rect": {
      "x": 10,
      "y": 2,
      "width": 191,
      "height": 260
    },
    "offset": {
      "x": 4,
      "y": -1
    },
    "originalSize": {
      "width": 203,
      "height": 262
    },
    "rotated": false,
    "capInsets": [
      0,
      0,
      0,
      0
    ],
    "vertices": {
      "rawPosition": [
        -95.5,
        -130,
        0,
        95.5,
        -130,
        0,
        -95.5,
        130,
        0,
        95.5,
        130,
        0
      ],
      "indexes": [
        0,
        1,
        2,
        2,
        1,
        3
      ],
      "uv": [
        10,
        260,
        201,
        260,
        10,
        0,
        201,
        0
      ],
      "nuv": [
        0.04926108374384237,
        0,
        0.9901477832512315,
        0,
        0.04926108374384237,
        0.9923664122137404,
        0.9901477832512315,
        0.9923664122137404
      ],
      "minPos": {
        "x": -95.5,
        "y": -130,
        "z": 0
      },
      "maxPos": {
        "x": 95.5,
        "y": 130,
        "z": 0
      }
    },
    "texture": "92769926-89d6-4192-bacf-072f1f010a8d@6c48a",
    "packable": true,
    "pixelsToUnit": 100,
    "pivot": {
      "x": 0.5,
      "y": 0.5
    },
    "meshType": 0
  }
}