{
  "__type__": "cc.SpriteFrame",
  "content": {
    "name": "28_Potion2",
    "atlas": "",
    "rect": {
      "x": 10,
      "y": 9,
      "width": 228,
      "height": 268
    },
    "offset": {
      "x": 4,
      "y": -4.5
    },
    "originalSize": {
      "width": 240,
      "height": 277
    },
    "rotated": false,
    "capInsets": [
      0,
      0,
      0,
      0
    ],
    "vertices": {
      "rawPosition": [
        -114,
        -134,
        0,
        114,
        -134,
        0,
        -114,
        134,
        0,
        114,
        134,
        0
      ],
      "indexes": [
        0,
        1,
        2,
        2,
        1,
        3
      ],
      "uv": [
        10,
        268,
        238,
        268,
        10,
        0,
        238,
        0
      ],
      "nuv": [
        0.041666666666666664,
        0,
        0.9916666666666667,
        0,
        0.041666666666666664,
        0.9675090252707581,
        0.9916666666666667,
        0.9675090252707581
      ],
      "minPos": {
        "x": -114,
        "y": -134,
        "z": 0
      },
      "maxPos": {
        "x": 114,
        "y": 134,
        "z": 0
      }
    },
    "texture": "a4446d3b-9cc6-41bc-bca7-3a3107016ad8@6c48a",
    "packable": true,
    "pixelsToUnit": 100,
    "pivot": {
      "x": 0.5,
      "y": 0.5
    },
    "meshType": 0
  }
}