{
  "__type__": "cc.SpriteFrame",
  "content": {
    "name": "07_Potion1",
    "atlas": "",
    "rect": {
      "x": 5,
      "y": 2,
      "width": 191,
      "height": 259
    },
    "offset": {
      "x": -1,
      "y": -0.5
    },
    "originalSize": {
      "width": 203,
      "height": 262
    },
    "rotated": false,
    "capInsets": [
      0,
      0,
      0,
      0
    ],
    "vertices": {
      "rawPosition": [
        -95.5,
        -129.5,
        0,
        95.5,
        -129.5,
        0,
        -95.5,
        129.5,
        0,
        95.5,
        129.5,
        0
      ],
      "indexes": [
        0,
        1,
        2,
        2,
        1,
        3
      ],
      "uv": [
        5,
        260,
        196,
        260,
        5,
        1,
        196,
        1
      ],
      "nuv": [
        0.024630541871921183,
        0.003816793893129771,
        0.9655172413793104,
        0.003816793893129771,
        0.024630541871921183,
        0.9923664122137404,
        0.9655172413793104,
        0.9923664122137404
      ],
      "minPos": {
        "x": -95.5,
        "y": -129.5,
        "z": 0
      },
      "maxPos": {
        "x": 95.5,
        "y": 129.5,
        "z": 0
      }
    },
    "texture": "b4ee6544-1fa5-40a6-804b-d3c021e07e03@6c48a",
    "packable": true,
    "pixelsToUnit": 100,
    "pivot": {
      "x": 0.5,
      "y": 0.5
    },
    "meshType": 0
  }
}