{
  "__type__": "cc.SpriteFrame",
  "content": {
    "name": "21_Potion2",
    "atlas": "",
    "rect": {
      "x": 9,
      "y": 9,
      "width": 220,
      "height": 261
    },
    "offset": {
      "x": -1,
      "y": -1
    },
    "originalSize": {
      "width": 240,
      "height": 277
    },
    "rotated": false,
    "capInsets": [
      0,
      0,
      0,
      0
    ],
    "vertices": {
      "rawPosition": [
        -110,
        -130.5,
        0,
        110,
        -130.5,
        0,
        -110,
        130.5,
        0,
        110,
        130.5,
        0
      ],
      "indexes": [
        0,
        1,
        2,
        2,
        1,
        3
      ],
      "uv": [
        9,
        268,
        229,
        268,
        9,
        7,
        229,
        7
      ],
      "nuv": [
        0.0375,
        0.02527075812274368,
        0.9541666666666667,
        0.02527075812274368,
        0.0375,
        0.9675090252707581,
        0.9541666666666667,
        0.9675090252707581
      ],
      "minPos": {
        "x": -110,
        "y": -130.5,
        "z": 0
      },
      "maxPos": {
        "x": 110,
        "y": 130.5,
        "z": 0
      }
    },
    "texture": "90f14cfa-6194-4d4f-91e5-fc89807dd78f@6c48a",
    "packable": true,
    "pixelsToUnit": 100,
    "pivot": {
      "x": 0.5,
      "y": 0.5
    },
    "meshType": 0
  }
}